name,code,barcode_symbology,brand,category_code,unit,sale_unit,purchase_unit,cost,price,alert_quantity,tax_rate,tax_method,image,subcategory_code,variants,mrp,hsn_code,warehouse,quantity
SMK Glide Unicolour Matt Black Full Face Helmet MA200,,code128,,HA1,pcs,pcs,pcs,0,5500,,18%GST,Inclusive,,,,5500,,Ware house 1-1,0
SMK Glide Unicolour White Full Face Helmet GL100,,code128,,HA1,pcs,pcs,pcs,0,5500,,18%GST,Inclusive,,,,5500,,Ware house 1-1,0
SMK Glide Unicolour Hi Vision Full Face Helmet HV400,,code128,,HA1,pcs,pcs,pcs,0,5500,,18%GST,Inclusive,,,,5500,,Ware house 1-1,0
SMK Glide Sign Full Face Helmet,,code128,,HA1,pcs,pcs,pcs,0,5800,,18%GST,Inclusive,,,,5800,,Ware house 1-1,0
SMK Glide Flash Vision Full Face Helmet HV420,,code128,,HA1,pcs,pcs,pcs,0,5800,,18%GST,Inclusive,,,,5800,,Ware house 1-1,0
SMK Force Steel Seventy White Red Full Face Helmet STGL123,,code128,,HA1,pcs,pcs,pcs,0,5100,,18%GST,Inclusive,,,,5100,,Ware house 1-1,0
SMK Force Steel Seventy White Black Full Face Helmet STGL216,,code128,,HA1,pcs,pcs,pcs,0,5100,,18%GST,Inclusive,,,,5100,,Ware house 1-1,0
SMK Force Steel Unicolour White Full Face Helmet STGL100,,code128,,HA1,pcs,pcs,pcs,0,4800,,18%GST,Inclusive,,,,4800,,Ware house 1-1,0
SMK Force Eagle Matt Black Red Full Face Helmet MA235,,code128,,HA1,pcs,pcs,pcs,0,4900,,18%GST,Inclusive,,,,4900,,Ware house 1-1,0
SMK Force Eagle Matt Black Grey Full Face Helmet MA261,,code128,,HA1,pcs,pcs,pcs,0,4900,,18%GST,Inclusive,,,,4900,,Ware house 1-1,0
SMK Force Boost Red Full Face Helmet GL213,,code128,,HA1,pcs,pcs,pcs,0,5100,,18%GST,Inclusive,,,,5100,,Ware house 1-1,0
SMK Force Boost Blue Full Face Helmet GL215,,code128,,HA1,pcs,pcs,pcs,0,5100,,18%GST,Inclusive,,,,5100,,Ware house 1-1,0
SMK Force Black Grey Full Face Helmet GL216,,code128,,HA1,pcs,pcs,pcs,0,5100,,18%GST,Inclusive,,,,5100,,Ware house 1-1,0
SMK Force Unicolour Matt Black Green Full Face Helmet MA240,,code128,,HA1,pcs,pcs,pcs,0,4600,,18%GST,Inclusive,,,,4600,,Ware house 1-1,0
SMK Force White Full Face Helmet GL100,,code128,,HA1,pcs,pcs,pcs,0,4600,,18%GST,Inclusive,,,,4600,,Ware house 1-1,0
SMK Force Black Full Face Helmet GL200,,code128,,HA1,pcs,pcs,pcs,0,4600,,18%GST,Inclusive,,,,4600,,Ware house 1-1,0
SMK Force Anthracite Full Face Helmet GLDA600,,code128,,HA1,pcs,pcs,pcs,0,4600,,18%GST,Inclusive,,,,4600,,Ware house 1-1,0
SMK Twister Zest Matt Blue Green Full Face Helmet MA258,,code128,,HA1,pcs,pcs,pcs,0,4300,,18%GST,Inclusive,,,,4300,,Ware house 1-1,0
SMK Twister Zest Matt Blue Yellow Full Face Helmet MA254,,code128,,HA1,pcs,pcs,pcs,0,4300,,18%GST,Inclusive,,,,4300,,Ware house 1-1,0
SMK Twister Zest Matt White Blue Red Full Face Helmet GL135,,code128,,HA1,pcs,pcs,pcs,0,4300,,18%GST,Inclusive,,,,4300,,Ware house 1-1,0
SMK Twister Zest Matt Orange Full Face Helmet MA271,,code128,,HA1,pcs,pcs,pcs,0,4300,,18%GST,Inclusive,,,,4300,,Ware house 1-1,0
SMK Twister Blade Matt Black Red Full Face Helmet MA236,,code128,,HA1,pcs,pcs,pcs,0,4300,,18%GST,Inclusive,,,,4300,,Ware house 1-1,0
SMK Twister Blade Matt Black Orange Full Face Helmet MA276,,code128,,HA1,pcs,pcs,pcs,0,4300,,18%GST,Inclusive,,,,4300,,Ware house 1-1,0
SMK Twister Blade Matt Black Grey Full Face Helmet MA266,,code128,,HA1,pcs,pcs,pcs,0,4300,,18%GST,Inclusive,,,,4300,,Ware house 1-1,0
SMK Twister Blade Matt Black Blue Full Face Helmet MA256,,code128,,HA1,pcs,pcs,pcs,0,4300,,18%GST,Inclusive,,,,4300,,Ware house 1-1,0
SMK Twister Attack Yellow Red Full Face Helmet MA243,,code128,,HA1,pcs,pcs,pcs,0,4300,,18%GST,Inclusive,,,,4300,,Ware house 1-1,0
SMK Twister Attack Blue Full Face Helmet MA256,,code128,,HA1,pcs,pcs,pcs,0,4300,,18%GST,Inclusive,,,,4300,,Ware house 1-1,0
SMK Twister Attack Orange Full Face Helmet MA276,,code128,,HA1,pcs,pcs,pcs,0,4300,,18%GST,Inclusive,,,,4300,,Ware house 1-1,0
SMK Twister Attack Grey Full Face Helmet MA266,,code128,,HA1,pcs,pcs,pcs,0,4300,,18%GST,Inclusive,,,,4300,,Ware house 1-1,0
SMK Twister Skull Black White Full Face Helmet MA210,,code128,,HA1,pcs,pcs,pcs,0,4300,,18%GST,Inclusive,,,,4300,,Ware house 1-1,0
SMK Twister Skull White Black Full Face Helmet GL120,,code128,,HA1,pcs,pcs,pcs,0,4300,,18%GST,Inclusive,,,,4300,,Ware house 1-1,0
SMK Twister Skull Black Orange Full Face Helmet MA270,,code128,,HA1,pcs,pcs,pcs,0,4300,,18%GST,Inclusive,,,,4300,,Ware house 1-1,0
SMK Twister Skull Black Yellow/Green Full Face Helmet MA240,,code128,,HA1,pcs,pcs,pcs,0,4300,,18%GST,Inclusive,,,,4300,,Ware house 1-1,0
SMK Twister Captain White Red Full Face Helmet GL163,,code128,,HA1,pcs,pcs,pcs,0,4300,,18%GST,Inclusive,,,,4300,,Ware house 1-1,0
SMK Twister Captain Black Yellow Full Face Helmet GL264,,code128,,HA1,pcs,pcs,pcs,0,4300,,18%GST,Inclusive,,,,4300,,Ware house 1-1,0
SMK Twister Captain Grey Full Face Helmet MA266,,code128,,HA1,pcs,pcs,pcs,0,4300,,18%GST,Inclusive,,,,4300,,Ware house 1-1,0
SMK Twister Cartoon Orange Full Face Helmet GL271,,code128,,HA1,pcs,pcs,pcs,0,4300,,18%GST,Inclusive,,,,4300,,Ware house 1-1,0
SMK Twister Cartoon Green Yellow Full Face Helmet GL241,,code128,,HA1,pcs,pcs,pcs,0,4300,,18%GST,Inclusive,,,,4300,,Ware house 1-1,0
SMK Twister Logo Green Full Face Helmet MA281,,code128,,HA1,pcs,pcs,pcs,0,4300,,18%GST,Inclusive,,,,4300,,Ware house 1-1,0
SMK Twister Logo Yellow Full Face Helmet MA241,,code128,,HA1,pcs,pcs,pcs,0,4300,,18%GST,Inclusive,,,,4300,,Ware house 1-1,0
SMK Twister Logo White Red Full Face Helmet GL132,,code128,,HA1,pcs,pcs,pcs,0,4300,,18%GST,Inclusive,,,,4300,,Ware house 1-1,0
SMK Twister Logo Blue Full Face Helmet MA251,,code128,,HA1,pcs,pcs,pcs,0,4300,,18%GST,Inclusive,,,,4300,,Ware house 1-1,0
SMK Twister Logo Black White Full Face Helmet MA261,,code128,,HA1,pcs,pcs,pcs,0,4300,,18%GST,Inclusive,,,,4300,,Ware house 1-1,0
SMK Twister Logo Orange Full Face Helmet MA271,,code128,,HA1,pcs,pcs,pcs,0,4300,,18%GST,Inclusive,,,,4300,,Ware house 1-1,0
SMK Twister Unicolour White Full Face Helmet GL100,,code128,,HA1,pcs,pcs,pcs,0,4000,,18%GST,Inclusive,,,,4000,,Ware house 1-1,0
SMK Twister Unicolour Anthracite Full Face Helmet GLDA600,,code128,,HA1,pcs,pcs,pcs,0,4000,,18%GST,Inclusive,,,,4000,,Ware house 1-1,0
SMK Twister Unicolour Matt Black Full Face Helmet MA200,,code128,,HA1,pcs,pcs,pcs,0,4000,,18%GST,Inclusive,,,,4000,,Ware house 1-1,0
SMK Twister Unicolour Black Full Face Helmet GL200,,code128,,HA1,pcs,pcs,pcs,0,4000,,18%GST,Inclusive,,,,4000,,Ware house 1-1,0
SMK Twister Unicolour Hi Vision Full Face Helmet HV400,,code128,,HA1,pcs,pcs,pcs,0,4000,,18%GST,Inclusive,,,,4000,,Ware house 1-1,0
SMK Stellar Swank Fluoroscent Yellow MA423,,code128,,HA1,pcs,pcs,pcs,0,3800,,18%GST,Inclusive,,,,3800,,Ware house 1-1,0
SMK Stellar Swank Matt White MA124,,code128,,HA1,pcs,pcs,pcs,0,3800,,18%GST,Inclusive,,,,3800,,Ware house 1-1,0
SMK Stellar Swank Matt Anthracite Orange MADA672,,code128,,HA1,pcs,pcs,pcs,0,3800,,18%GST,Inclusive,,,,3800,,Ware house 1-1,0
SMK Stellar Dynamo Matt Black Blue MA254,,code128,,HA1,pcs,pcs,pcs,0,3800,,18%GST,Inclusive,,,,3800,,Ware house 1-1,0
SMK Stellar Dynamo Matt White Blue MA153,,code128,,HA1,pcs,pcs,pcs,0,3800,,18%GST,Inclusive,,,,3800,,Ware house 1-1,0
SMK Stellar Dynamo Matt Black Red MA236,,code128,,HA1,pcs,pcs,pcs,0,3800,,18%GST,Inclusive,,,,3800,,Ware house 1-1,0
SMK Stellar Dynamo Matt Black White MA216,,code128,,HA1,pcs,pcs,pcs,0,3800,,18%GST,Inclusive,,,,3800,,Ware house 1-1,0
SMK Stellar Rainstar White Blue Red GL153,,code128,,HA1,pcs,pcs,pcs,0,3800,,18%GST,Inclusive,,,,3800,,Ware house 1-1,0
SMK Stellar Rainstar Black White Red MA213,,code128,,HA1,pcs,pcs,pcs,0,3800,,18%GST,Inclusive,,,,3800,,Ware house 1-1,0
SMK Stellar Rainstar Black Yellow MA264,,code128,,HA1,pcs,pcs,pcs,0,3800,,18%GST,Inclusive,,,,3800,,Ware house 1-1,0
SMK Stellar Rainstar Black Red MADA623,,code128,,HA1,pcs,pcs,pcs,0,3800,,18%GST,Inclusive,,,,3800,,Ware house 1-1,0
SMK Stellar Trek Black Grey Fluoroscent Yellow MA264,,code128,,HA1,pcs,pcs,pcs,0,3800,,18%GST,Inclusive,,,,3800,,Ware house 1-1,0
SMK Stellar Trek Black Fluoroscent Yellow MA243,,code128,,HA1,pcs,pcs,pcs,0,3800,,18%GST,Inclusive,,,,3800,,Ware house 1-1,0
SMK Stellar Trek Black Red MA275,,code128,,HA1,pcs,pcs,pcs,0,3800,,18%GST,Inclusive,,,,3800,,Ware house 1-1,0
SMK Stellar Unicolour White GL100,,code128,,HA1,pcs,pcs,pcs,0,3500,,18%GST,Inclusive,,,,3500,,Ware house 1-1,0
SMK Stellar Unicolour Matt Black MA200,,code128,,HA1,pcs,pcs,pcs,0,3500,,18%GST,Inclusive,,,,3500,,Ware house 1-1,0
SMK Stellar Unicolour Glosst Black GL200,,code128,,HA1,pcs,pcs,pcs,0,3500,,18%GST,Inclusive,,,,3500,,Ware house 1-1,0
SMK Derby Grid Open Face Helmet MA266,,code128,,HA1,pcs,pcs,pcs,0,2950,,18%GST,Inclusive,,,,2950,,Ware house 1-1,0
SMK Sirius Open Face Helmet GL149,,code128,,HA1,pcs,pcs,pcs,0,3150,,18%GST,Inclusive,,,,3150,,Ware house 1-1,0
Studds Chrome Eco Full Face Helmet,,code128,,HA1,pcs,pcs,pcs,0,895,,18%GST,Inclusive,,,,895,,Ware house 1-1,0
Studds Professional Full Face Helmet ,,code128,,HA1,pcs,pcs,pcs,0,1050,,18%GST,Inclusive,,,,1050,,Ware house 1-1,0
Studds Premium Vent Full Face Helmet,,code128,,HA1,pcs,pcs,pcs,0,1065,,18%GST,Inclusive,,,,1065,,Ware house 1-1,0
Studds Chrome Elite Full Face Helmet,,code128,,HA1,pcs,pcs,pcs,0,950,,18%GST,Inclusive,,,,950,,Ware house 1-1,0
Studds Downtown Open Face Helmet,,code128,,HA1,pcs,pcs,pcs,0,1750,,18%GST,Inclusive,,,,1750,,Ware house 1-1,0
Studds Downtown Silver Grey Open Face Helmet,,code128,,HA1,pcs,pcs,pcs,0,1850,,18%GST,Inclusive,,,,1850,,Ware house 1-1,0
Studds Marshall Plain Open Face Helmet,,code128,,HA1,pcs,pcs,pcs,0,1150,,18%GST,Inclusive,,,,1150,,Ware house 1-1,0
Studds Marshall Tricolour Open Face Helmet,,code128,,HA1,pcs,pcs,pcs,0,1250,,18%GST,Inclusive,,,,1250,,Ware house 1-1,0
Studds Cub Plain Open Face Helmet,,code128,,HA1,pcs,pcs,pcs,0,1050,,18%GST,Inclusive,,,,1050,,Ware house 1-1,0
Studds Jetstar Captain America Open Face Helmet,,code128,,HA1,pcs,pcs,pcs,0,1095,,18%GST,Inclusive,,,,1095,,Ware house 1-1,0
Studds Jetstar Vintage Long Visor Open Face Helmet,,code128,,HA1,pcs,pcs,pcs,0,1395,,18%GST,Inclusive,,,,1395,,Ware house 1-1,0
Studds FEMM 540 Open Face Helmet Pink,,code128,,HA1,pcs,pcs,pcs,0,825,,18%GST,Inclusive,,,,825,,Ware house 1-1,0
Studds Ninja 3G Full Face Helmet,,code128,,HA1,pcs,pcs,pcs,0,2045,,18%GST,Inclusive,,,,2045,,Ware house 1-1,0
Studds Ninja 2G Full Face Helmet,,code128,,HA1,pcs,pcs,pcs,0,1650,,18%GST,Inclusive,,,,1650,,Ware house 1-1,0
Studds Ninja Elite Full Face Helmet,,code128,,HA1,pcs,pcs,pcs,0,1230,,18%GST,Inclusive,,,,1230,,Ware house 1-1,0
Studds Shifter Plain Full Face Helmet,,code128,,HA1,pcs,pcs,pcs,0,2030,,18%GST,Inclusive,,,,2030,,Ware house 1-1,0
Studds Scorpion Plain Full Face Helmet,,code128,,HA1,pcs,pcs,pcs,0,1650,,18%GST,Inclusive,,,,1650,,Ware house 1-1,0
Studds Scorpion Full Face Helmet,,code128,,HA1,pcs,pcs,pcs,0,1750,,18%GST,Inclusive,,,,1750,,Ware house 1-1,0
Studds Shifter Full Face Helmet,,code128,,HA1,pcs,pcs,pcs,0,2165,,18%GST,Inclusive,,,,2165,,Ware house 1-1,0
Studds Ninja Elite Super Full Face Helmet,,code128,,HA1,pcs,pcs,pcs,0,1475,,18%GST,Inclusive,,,,1475,,Ware house 1-1,0
Vega Cliff DX Full Face Helmet,,code128,,HA1,pcs,pcs,pcs,0,980,,18%GST,Inclusive,,,,980,,Ware house 1-1,0
Vega Cliff Full Face Helmet,,code128,,HA1,pcs,pcs,pcs,0,890,,18%GST,Inclusive,,,,890,,Ware house 1-1,0
Vega Crux Full Face Helmet,,code128,,HA1,pcs,pcs,pcs,0,1250,,18%GST,Inclusive,,,,1250,,Ware house 1-1,0
Vega Boolean Full Face Helmet,,code128,,HA1,pcs,pcs,pcs,0,1772,,18%GST,Inclusive,,,,1772,,Ware house 1-1,0
Vega Verve Open Face Helmet,,code128,,HA1,pcs,pcs,pcs,0,1250,,18%GST,Inclusive,,,,1250,,Ware house 1-1,0
MX9 Open Face Helmet,,code128,,HA1,pcs,pcs,pcs,0,849,,18%GST,Inclusive,,,,849,,Ware house 1-1,0
Steelbird Frost Open Face Helmet,,code128,,HA1,pcs,pcs,pcs,0,949,,18%GST,Inclusive,,,,949,,Ware house 1-1,0
Steelbird SBA2 Dashing Full Face Helmet,,code128,,HA1,pcs,pcs,pcs,0,2449,,18%GST,Inclusive,,,,2449,,Ware house 1-1,0
Steelbird SBA2 Graphics Full Face Helmet,,code128,,HA1,pcs,pcs,pcs,0,2999,,18%GST,Inclusive,,,,2999,,Ware house 1-1,0
Steelbird SBA1 Dunkin Graphics Full Face Helmet ,,code128,,HA1,pcs,pcs,pcs,0,1999,,18%GST,Inclusive,,,,1999,,Ware house 1-1,0
Steelbird Bargy Off Road Full Face Helmet,,code128,,HA1,pcs,pcs,pcs,0,2899,,18%GST,Inclusive,,,,2899,,Ware house 1-1,0
Steelbird Bang Off Road Full Face Helmet,,code128,,HA1,pcs,pcs,pcs,0,2379,,18%GST,Inclusive,,,,2379,,Ware house 1-1,0
Steelbird Air Anthracite Full Face Helmet,,code128,,HA1,pcs,pcs,pcs,0,1679,,18%GST,Inclusive,,,,1679,,Ware house 1-1,0
Steelbird HiGn Vision Yellow Full Face Helmet,,code128,,HA1,pcs,pcs,pcs,0,1650,,18%GST,Inclusive,,,,1650,,Ware house 1-1,0
Axor Stealth White Blue Glossy Full Face Helmet,,code128,,HA1,pcs,pcs,pcs,0,5993,,18%GST,Inclusive,,,,5993,,Ware house 1-1,0
Axor Stealth Blue Yellow Matt Full Face Helmet,,code128,,HA1,pcs,pcs,pcs,0,5993,,18%GST,Inclusive,,,,5993,,Ware house 1-1,0
Axor Black Orange Matt Full Face Helmet,,code128,,HA1,pcs,pcs,pcs,0,5993,,18%GST,Inclusive,,,,5993,,Ware house 1-1,0
THH TS81 Blue Red Matt Full Face Helmet,,code128,,HA1,pcs,pcs,pcs,0,4508,,18%GST,Inclusive,,,,4508,,Ware house 1-1,0
THH CFK Black Full Face Helmet,,code128,,HA1,pcs,pcs,pcs,0,7150,,18%GST,Inclusive,,,,7150,,Ware house 1-1,0
THH TS43 Full Face Helmet,,code128,,HA1,pcs,pcs,pcs,0,4576,,18%GST,Inclusive,,,,4576,,Ware house 1-1,0
MotoTech Scrambler Air Riding Jacket Black Large,,code128,,HA2,pcs,pcs,pcs,0,6450,, 12%GST,Inclusive,,,,6450,,Ware house 1-1,0
 MotoTech Scrambler Air Riding Jacket Black XL,,code128,,HA2,pcs,pcs,pcs,0,6450,, 12%GST,Inclusive,,,,6450,,Ware house 1-1,0
 MotoTech Scrambler Air Riding Jacket Fluro Green L,,code128,,HA2,pcs,pcs,pcs,0,6450,, 12%GST,Inclusive,,,,6450,,Ware house 1-1,0
 MotoTech Scrambler Air Riding Jacket Fluro Green M,,code128,,HA2,pcs,pcs,pcs,0,6450,, 12%GST,Inclusive,,,,6450,,Ware house 1-1,0
MotoTech TourPro Riding Jacket M,,code128,,HA2,pcs,pcs,pcs,0,9450,, 12%GST,Inclusive,,,,9450,,Ware house 1-1,0
MotoTech TourPro Riding Jacket L,,code128,,HA2,pcs,pcs,pcs,0,9450,, 12%GST,Inclusive,,,,9450,,Ware house 1-1,0
BBG Riding Pant,,code128,,HA2,pcs,pcs,pcs,0,7500,, 12%GST,Inclusive,,,,7500,,Ware house 1-1,0
Rynox Gloves Shield Pro with SPS ,,code128,,HA2,pcs,pcs,pcs,0,2650,, 12%GST,Inclusive,,,,2650,,Ware house 1-1,0
Rynox Gloves Shield Pro,,code128,,HA2,pcs,pcs,pcs,0,2450,, 12%GST,Inclusive,,,,2450,,Ware house 1-1,0
Rynox Gloves Scout Black,,code128,,HA2,pcs,pcs,pcs,0,1950,, 12%GST,Inclusive,,,,1950,,Ware house 1-1,0
Rynox Gloves Scout Brown,,code128,,HA2,pcs,pcs,pcs,0,1950,, 12%GST,Inclusive,,,,1950,,Ware house 1-1,0
Rynox Gloves Inferno Pro,,code128,,HA2,pcs,pcs,pcs,0,3650,, 12%GST,Inclusive,,,,3650,,Ware house 1-1,0
Rynox Riding Pants Advento ,,code128,,HA2,pcs,pcs,pcs,0,7850,, 12%GST,Inclusive,,,,7850,,Ware house 1-1,0
Rynox Riding Pants Airtex,,code128,,HA2,pcs,pcs,pcs,0,6450,, 12%GST,Inclusive,,,,6450,,Ware house 1-1,0
Rynox Riding Jacket Air GT v2.0 Level 2 Black White,,code128,,HA2,pcs,pcs,pcs,0,5999,, 12%GST,Inclusive,,,,5999,,Ware house 1-1,0
Rynox Riding Jacket Air GT v2.0 Level 2 Black Orange,,code128,,HA2,pcs,pcs,pcs,0,5999,, 12%GST,Inclusive,,,,5999,,Ware house 1-1,0
Rynox Riding Jacket Air GT v2.0 Level 2 Black Red,,code128,,HA2,pcs,pcs,pcs,0,5999,, 12%GST,Inclusive,,,,5999,,Ware house 1-1,0
Rynox Riding Jacket Urban Brown,,code128,,HA2,pcs,pcs,pcs,0,6850,, 12%GST,Inclusive,,,,6850,,Ware house 1-1,0
Rynox Riding Jacket Urban Battle Green,,code128,,HA2,pcs,pcs,pcs,0,6850,, 12%GST,Inclusive,,,,6850,,Ware house 1-1,0
Rynox Riding Jacket Tornado Pro Level 2 Black White,,code128,,HA2,pcs,pcs,pcs,0,7950,, 12%GST,Inclusive,,,,7950,,Ware house 1-1,0
Rynox Riding Jacket Tornado Pro Level 2 Black Red,,code128,,HA2,pcs,pcs,pcs,0,7950,, 12%GST,Inclusive,,,,7950,,Ware house 1-1,0
Rynox Riding Jacket Tornado Pro Level 2 Black Fluro Orange,,code128,,HA2,pcs,pcs,pcs,0,7950,, 12%GST,Inclusive,,,,7950,,Ware house 1-1,0
Rynox Riding Jacket Tornado ProLevel 2 Black Fluro,,code128,,HA2,pcs,pcs,pcs,0,7950,, 12%GST,Inclusive,,,,7950,,Ware house 1-1,0
Rynox Riding Jacket Tornado Pro Level 2 Black Grey,,code128,,HA2,pcs,pcs,pcs,0,7950,, 12%GST,Inclusive,,,,7950,,Ware house 1-1,0
Rynox Riding Jacket Storm L2 Beige,,code128,,HA2,pcs,pcs,pcs,0,9450,, 12%GST,Inclusive,,,,9450,,Ware house 1-1,0
Rynox Riding Jacket Storm L2 Knight Grey,,code128,,HA2,pcs,pcs,pcs,0,9450,, 12%GST,Inclusive,,,,9450,,Ware house 1-1,0
Rynox Riding Jacket Stealth Evo V3 Black,,code128,,HA2,pcs,pcs,pcs,0,11550,, 12%GST,Inclusive,,,,11550,,Ware house 1-1,0
Rynox Riding Jacket Stealth Evo V3 Grey,,code128,,HA2,pcs,pcs,pcs,0,11550,, 12%GST,Inclusive,,,,11550,,Ware house 1-1,0
Sunco Action Camera,,code128,,HA3,pcs,pcs,pcs,0,7990,,,Inclusive,,,,7990,,Ware house 1-1,0
Lifestraw Water Bottle,,code128,,HA3,pcs,pcs,pcs,0,1990,,,Inclusive,,,,1990,,Ware house 1-1,0
MotoTech Balaclava,,code128,,HA3,pcs,pcs,pcs,0,350,,,Inclusive,,,,350,,Ware house 1-1,0
MotoTech Bungee Net,,code128,,HA3,pcs,pcs,pcs,0,450,,,Inclusive,,,,450,,Ware house 1-1,0
Helmet Cleaner ProTech,,code128,,HA3,pcs,pcs,pcs,0,149,,,Inclusive,,,,149,,Ware house 1-1,0
MotoTech Hexapod Bungee,,code128,,HA3,pcs,pcs,pcs,0,499,,,Inclusive,,,,499,,Ware house 1-1,0
Ignyte Balaclava,,code128,,HA3,pcs,pcs,pcs,0,579,,,Inclusive,,,,579,,Ware house 1-1,0
Motul Chain Cleaner C1 Large,,code128,,HA3,pcs,pcs,pcs,0,495,,,Inclusive,,,,495,,Ware house 1-1,0
Motul Chain Cleaner C1 Small,,code128,,HA3,pcs,pcs,pcs,0,210,,,Inclusive,,,,210,,Ware house 1-1,0
Motul Chain Lube C2 Large,,code128,,HA3,pcs,pcs,pcs,0,545,,,Inclusive,,,,545,,Ware house 1-1,0
Motul Chain Lube C2 Small,,code128,,HA3,pcs,pcs,pcs,0,230,,,Inclusive,,,,230,,Ware house 1-1,0
HairGuard,,code128,,HA3,pcs,pcs,pcs,0,99,,,Inclusive,,,,99,,Ware house 1-1,0
Ignyte Waterproof Gloves,,code128,,HA3,pcs,pcs,pcs,0,1199,,,Inclusive,,,,1199,,Ware house 1-1,0
Quipco Warm Gloves,,code128,,HA3,pcs,pcs,pcs,0,599,,,Inclusive,,,,599,,Ware house 1-1,0
Studds Riding Goggle,,code128,,HA3,pcs,pcs,pcs,0,295,,,Inclusive,,,,295,,Ware house 1-1,0
SafeTech MotoTech Armout Insert Shoulder/Elbow/Knee,,code128,,HA3,pcs,pcs,pcs,0,690,,,Inclusive,,,,690,,Ware house 1-1,0
SafeTech MotoTech Armout Insert Back,,code128,,HA3,pcs,pcs,pcs,0,990,,,Inclusive,,,,990,,Ware house 1-1,0
Coleman Bungee Chord,,code128,,HA3,pcs,pcs,pcs,0,625,,,Inclusive,,,,625,,Ware house 1-1,0
MotoCom Bluetooth Set,,code128,,HA3,pcs,pcs,pcs,0,2299,,,Inclusive,,,,2299,,Ware house 1-1,0
Roadgods Ghost Backack Premium,,code128,,HA3,pcs,pcs,pcs,0,2349,,,Inclusive,,,,2349,,Ware house 1-1,0
Studds Helmet Backpack,,code128,,HA3,pcs,pcs,pcs,0,980,,,Inclusive,,,,980,,Ware house 1-1,0
Wildcraft Hydrator Hydration Backpack 2L,,code128,,HA3,pcs,pcs,pcs,0,1599,,,Inclusive,,,,1599,,Ware house 1-1,0
100Kmph T-Shirt,,code128,,HA3,pcs,pcs,pcs,0,500,,,Inclusive,,,,500,,Ware house 1-1,0
Supervek Paper Wallet,,code128,,HA3,pcs,pcs,pcs,0,499,,,Inclusive,,,,499,,Ware house 1-1,0
Quipco Embriodery Flagpatch,,code128,,HA3,pcs,pcs,pcs,0,170,,,Inclusive,,,,170,,Ware house 1-1,0
Muc Off Bike Cleaner,,code128,,HA3,pcs,pcs,pcs,0,675,,,Inclusive,,,,675,,Ware house 1-1,0
Quipco Hi Viz Suspenders,,code128,,HA3,pcs,pcs,pcs,0,599,,,Inclusive,,,,599,,Ware house 1-1,0
Manas Tankbag,,code128,,HA3,pcs,pcs,pcs,0,3300,,,Inclusive,,,,3300,,Ware house 1-1,0
Manas Royal Enfield Waterbag,,code128,,HA3,pcs,pcs,pcs,0,1350,,,Inclusive,,,,1350,,Ware house 1-1,0
Studds Vaultbox,,code128,,HA3,pcs,pcs,pcs,0,690,,,Inclusive,,,,690,,Ware house 1-1,0
Studds Top Box,,code128,,HA3,pcs,pcs,pcs,0,1150,,,Inclusive,,,,1150,,Ware house 1-1,0
SMK Twister Clear Visor,,code128,,HA3,pcs,pcs,pcs,0,450,,,Inclusive,,,,450,,Ware house 1-1,0
SMK Twister Mirror/Tinted Visor,,code128,,HA3,pcs,pcs,pcs,0,500,,,Inclusive,,,,500,,Ware house 1-1,0
SMK Force Mirror Visor,,code128,,HA3,pcs,pcs,pcs,0,500,,,Inclusive,,,,500,,Ware house 1-1,0
EMD Horseshoe Tailbag,,code128,,HA3,pcs,pcs,pcs,0,2750,,,Inclusive,,,,2750,,Ware house 1-1,0
Quipco Trackpants,,code128,,HA3,pcs,pcs,pcs,0,1599,,,Inclusive,,,,1599,,Ware house 1-1,0
100Kmph Vinyl,,code128,,HA3,pcs,pcs,pcs,0,50,,,Inclusive,,,,50,,Ware house 1-1,0
100Kmph Keychain,,code128,,HA3,pcs,pcs,pcs,0,100,,,Inclusive,,,,100,,Ware house 1-1,0
100Kmph Badge,,code128,,HA3,pcs,pcs,pcs,0,50,,,Inclusive,,,,50,,Ware house 1-1,0
Manas Saddlebag,,code128,,HA3,pcs,pcs,pcs,0,4500,,,Inclusive,,,,4500,,Ware house 1-1,0
Rynox Saddle Bag Nomad v2.1 With Raincover,,code128,,HA3,pcs,pcs,pcs,0,4899,,,Inclusive,,,,4899,,Ware house 1-1,0
Rynox Saddle Bag DryStack,,code128,,HA3,pcs,pcs,pcs,0,3450,,,Inclusive,,,,3450,,Ware house 1-1,0
Rynox Tailbag Expedition Trail Bag 37ltrs,,code128,,HA3,pcs,pcs,pcs,0,3850,,,Inclusive,,,,3850,,Ware house 1-1,0
Rynox Tailbag Expedition Dry Bag 15 ltrs,,code128,,HA3,pcs,pcs,pcs,0,1250,,,Inclusive,,,,1250,,Ware house 1-1,0
Rynox Tank/Tail Bag Suction Optimus-S,,code128,,HA3,pcs,pcs,pcs,0,3250,,,Inclusive,,,,3250,,Ware house 1-1,0
Rynox Tank/Tail Bag Magnetic Navigator v3.0,,code128,,HA3,pcs,pcs,pcs,0,1999,,,Inclusive,,,,1999,,Ware house 1-1,0
Rynox Waistpack Aquapouch ,,code128,,HA3,pcs,pcs,pcs,0,1350,,,Inclusive,,,,1350,,Ware house 1-1,0
Roadgods Ghost Daring Texture Backpack,,code128,,HA3,pcs,pcs,pcs,0,2299,,,Inclusive,,,,2299,,Ware house 1-1,0
Roadgods R1 Tankbag,,code128,,HA3,pcs,pcs,pcs,0,1699,,,Inclusive,,,,1699,,Ware house 1-1,0
Roadgods Rudra Backpack,,code128,,HA3,pcs,pcs,pcs,0,1799,,,Inclusive,,,,1799,,Ware house 1-1,0
Roadgods R2  MagneticTankbag,,code128,,HA3,pcs,pcs,pcs,0,1599,,,Inclusive,,,,1599,,Ware house 1-1,0
Roadgods X1 Saddlebag 75Ltr,,code128,,HA3,pcs,pcs,pcs,0,4199,,,Inclusive,,,,4199,,Ware house 1-1,0
Roadgods X2 Saddlebag 50Ltr,,code128,,HA3,pcs,pcs,pcs,0,3499,,,Inclusive,,,,3499,,Ware house 1-1,0
Fego Float Black/ Universal 100% Leather Bike Seat Cover,,code128,,HA3,pcs,pcs,pcs,0,2199,,,Inclusive,,,,2199,,Ware house 1-1,0
